<?xml version="1.0" encoding="UTF-8"?>
<!DOCTYPE fontscolors PUBLIC "-//NetBeans//DTD Editor Fonts and Colors settings 1.2//EN" "https://netbeans.apache.org/dtds/EditorFontsColors-1_2.dtd">
<fontscolors>
    <fontcolor bgColor="ff38566f" name="nbeditor-bracesMatching-match">
        <font style="bold"/>
    </fontcolor>
    <fontcolor bgColor="ffffffe0" name="coverage-partial"/>
    <fontcolor foreColor="ff253e5a" name="text-limit-line-color"/>
    <fontcolor name="code-folding"/>
    <fontcolor foreColor="ffcc0099" name="synchronized-text-blocks-ext"/>
    <fontcolor bgColor="ff6f3757" foreColor="white" name="nbeditor-bracesMatching-mismatch">
        <font style="bold"/>
    </fontcolor>
    <fontcolor name="highlight-caret-row"/>
    <fontcolor bgColor="white" foreColor="darkGray" name="caret-color-overwrite-mode"/>
    <fontcolor bgColor="ff121e31" foreColor="white" name="status-bar"/>
    <fontcolor bgColor="ffccffcc" name="coverage-covered"/>
    <fontcolor bgColor="darkGray" name="guarded"/>
    <fontcolor name="trailing-whitespace"/>
    <fontcolor bgColor="ffe0ffe0" name="coverage-inferred"/>
    <fontcolor bgColor="ffd83636" name="nbeditor-bracesMatching-mismatch-multichar"/>
    <fontcolor bgColor="fff5f5f5" foreColor="ffb4b4b4" name="remove-surround-code-delete"/>
    <fontcolor foreColor="ffcccccc" name="code-folding-border"/>
    <fontcolor name="west-sidebars-color"/>
    <fontcolor bgColor="red" name="status-bar-bold"/>
    <fontcolor foreColor="ff6b8eb2" name="nbeditor-bracesMatching-sidebar"/>
    <fontcolor foreColor="gray" name="line-number"/>
    <fontcolor name="readonly-files"/>
    <fontcolor bgColor="ffffff33" foreColor="black" name="highlight-search"/>
    <fontcolor foreColor="darkGray" name="code-folding-bar"/>
    <fontcolor foreColor="ff996600" name="synchronized-text-blocks-ext-slave"/>
    <fontcolor foreColor="ffd3d3d3" name="indent-guide-lines"/>
    <fontcolor name="indent-whitespace"/>
    <fontcolor name="block-search"/>
    <fontcolor bgColor="ff713902" foreColor="white" name="selection"/>
    <fontcolor bgColor="ffffcccc" name="coverage-uncovered"/>
    <fontcolor bgColor="ff38566f" name="inc-search"/>
    <fontcolor bgColor="ffccffcc" name="remove-surround-code-remain"/>
    <fontcolor bgColor="ff38566f" name="nbeditor-bracesMatching-match-multichar"/>
    <fontcolor foreColor="lightGray" name="caret-color-insert-mode"/>
    <fontcolor foreColor="ff5098e0" name="hyperlinks" underline="blue"/>
</fontscolors>
